epoch,val_mse,val_pcc,wall_clock_s,joules
1,0.0,0.999999999999991,470.172593832016,
2,0.0,0.999999999999991,487.65001130104065,
3,0.0,0.999999999999991,483.42099022865295,
4,0.0,0.999999999999991,480.08258175849915,
5,0.0,0.999999999999991,537.2864100933075,
