epoch,val_mse,val_pcc,wall_clock_s,joules
1,0.0,0.9999999999999981,8.838351011276245,
2,0.0,0.9999999999999981,5.488375663757324,
3,0.0,0.9999999999999981,5.471334218978882,
4,0.0,0.9999999999999981,5.477684259414673,
5,0.0,0.9999999999999981,5.558533430099487,
6,0.0,0.9999999999999981,5.537391662597656,
7,0.0,0.9999999999999981,5.529907703399658,
8,0.0,0.9999999999999981,5.480765342712402,
9,0.0,0.9999999999999981,5.497540235519409,
10,0.0,0.9999999999999981,5.481231212615967,
