epoch,val_mse,val_pcc,wall_clock_s,joules
1,0.0,0.9999999999999981,8.766487836837769,
2,0.0,0.9999999999999981,5.432245254516602,
3,0.0,0.9999999999999981,5.41136908531189,
4,0.0,0.9999999999999981,5.4803855419158936,
5,0.0,0.9999999999999981,5.4359376430511475,
6,0.0,0.9999999999999981,5.485457181930542,
7,0.0,0.9999999999999981,5.477468013763428,
8,0.0,0.9999999999999981,5.382425308227539,
9,0.0,0.9999999999999981,5.3817291259765625,
10,0.0,0.9999999999999981,5.404000520706177,
